{
  "HEVC_B": {
    "BQTerrace_1920x1024_60": {
      "model_dcvc_quality_0_psnr.pth": {
        "i_frame_num": 10,
        "p_frame_num": 90,
        "ave_i_frame_bpp": 0.2691780964533488,
        "ave_i_frame_quality": 30.78805446624756,
        "ave_p_frame_bpp": 0.025137323348058595,
        "ave_p_frame_bpp_mv_y": 0.006058684731316235,
        "ave_p_frame_bpp_mv_z": 0.0003881603689579707,
        "ave_p_frame_bpp_y": 0.017600083702968228,
        "ave_p_frame_bpp_z": 0.001090394731404053,
        "ave_p_frame_quality": 29.86988353729248,
        "ave_all_frame_bpp": 0.049541400658587614,
        "ave_all_frame_quality": 29.961700630187988
      }
    },
    "BasketballDrive_1920x1024_50": {
      "model_dcvc_quality_0_psnr.pth": {
        "i_frame_num": 10,
        "p_frame_num": 90,
        "ave_i_frame_bpp": 0.10033817927042644,
        "ave_i_frame_quality": 33.44855308532715,
        "ave_p_frame_bpp": 0.028542595129046174,
        "ave_p_frame_bpp_mv_y": 0.007998794270679354,
        "ave_p_frame_bpp_mv_z": 0.00040496340273724247,
        "ave_p_frame_bpp_y": 0.019130225986656216,
        "ave_p_frame_bpp_z": 0.0010086115016343278,
        "ave_p_frame_quality": 32.30083079867893,
        "ave_all_frame_bpp": 0.0357221535431842,
        "ave_all_frame_quality": 32.41560302734375
      }
    },
    "Cactus_1920x1024_50": {
      "model_dcvc_quality_0_psnr.pth": {
        "i_frame_num": 10,
        "p_frame_num": 90,
        "ave_i_frame_bpp": 0.17546331246693928,
        "ave_i_frame_quality": 31.616344261169434,
        "ave_p_frame_bpp": 0.023888678517606524,
        "ave_p_frame_bpp_mv_y": 0.006912583531811833,
        "ave_p_frame_bpp_mv_z": 0.0004051454730668209,
        "ave_p_frame_bpp_y": 0.015547000585744779,
        "ave_p_frame_bpp_z": 0.0010239489893946383,
        "ave_p_frame_quality": 30.770102734035916,
        "ave_all_frame_bpp": 0.0390461419125398,
        "ave_all_frame_quality": 30.85472688674927
      }
    },
    "Kimono_1920x1024_24": {
      "model_dcvc_quality_0_psnr.pth": {
        "i_frame_num": 10,
        "p_frame_num": 90,
        "ave_i_frame_bpp": 0.08840514262517293,
        "ave_i_frame_quality": 35.294534301757814,
        "ave_p_frame_bpp": 0.030194310388631292,
        "ave_p_frame_bpp_mv_y": 0.010163968201312754,
        "ave_p_frame_bpp_mv_z": 0.0004647444998328057,
        "ave_p_frame_bpp_y": 0.018545855664544635,
        "ave_p_frame_bpp_z": 0.0010197419226945688,
        "ave_p_frame_quality": 34.017775260077585,
        "ave_all_frame_bpp": 0.03601539361228546,
        "ave_all_frame_quality": 34.14545116424561
      }
    },
    "ParkScene_1920x1024_24": {
      "model_dcvc_quality_0_psnr.pth": {
        "i_frame_num": 10,
        "p_frame_num": 90,
        "ave_i_frame_bpp": 0.19488122940063476,
        "ave_i_frame_quality": 31.496142768859862,
        "ave_p_frame_bpp": 0.023941228393879202,
        "ave_p_frame_bpp_mv_y": 0.007303964356995291,
        "ave_p_frame_bpp_mv_z": 0.0004039239494078275,
        "ave_p_frame_bpp_y": 0.015135102010228567,
        "ave_p_frame_bpp_z": 0.001098238069486494,
        "ave_p_frame_quality": 30.619405619303386,
        "ave_all_frame_bpp": 0.04103522849455476,
        "ave_all_frame_quality": 30.707079334259035
      }
    }
  },
  "UVG": {
    "Beauty_1920x1024_120fps_420_8bit_YUV": {
      "model_dcvc_quality_0_psnr.pth": {
        "i_frame_num": 10,
        "p_frame_num": 110,
        "ave_i_frame_bpp": 0.03324915885925293,
        "ave_i_frame_quality": 33.73332633972168,
        "ave_p_frame_bpp": 0.01499707160348242,
        "ave_p_frame_bpp_mv_y": 0.00792400637980212,
        "ave_p_frame_bpp_mv_z": 0.0003684744209749624,
        "ave_p_frame_bpp_y": 0.006044874058782377,
        "ave_p_frame_bpp_z": 0.0006597166947110302,
        "ave_p_frame_quality": 33.421487496115944,
        "ave_all_frame_bpp": 0.01651807887479663,
        "ave_all_frame_quality": 33.447474066416426
      }
    },
    "Bosphorus_1920x1024_120fps_420_8bit_YUV": {
      "model_dcvc_quality_0_psnr.pth": {
        "i_frame_num": 10,
        "p_frame_num": 110,
        "ave_i_frame_bpp": 0.08074337085088094,
        "ave_i_frame_quality": 35.9723258972168,
        "ave_p_frame_bpp": 0.012414985505694693,
        "ave_p_frame_bpp_mv_y": 0.006131202189929106,
        "ave_p_frame_bpp_mv_z": 0.00042360434573228384,
        "ave_p_frame_bpp_y": 0.005073878084394065,
        "ave_p_frame_bpp_z": 0.0007863009152722291,
        "ave_p_frame_quality": 34.91749319596724,
        "ave_all_frame_bpp": 0.018109017617793547,
        "ave_all_frame_quality": 35.00539592107137
      }
    },
    "HoneyBee_1920x1024_120fps_420_8bit_YUV": {
      "model_dcvc_quality_0_psnr.pth": {
        "i_frame_num": 10,
        "p_frame_num": 110,
        "ave_i_frame_bpp": 0.10799968163172405,
        "ave_i_frame_quality": 34.79749641418457,
        "ave_p_frame_bpp": 0.005791631565344605,
        "ave_p_frame_bpp_mv_y": 0.0021665796267122707,
        "ave_p_frame_bpp_mv_z": 0.0003243517593628812,
        "ave_p_frame_bpp_y": 0.0026122988614423032,
        "ave_p_frame_bpp_z": 0.0006884013210021129,
        "ave_p_frame_quality": 34.14348917874423,
        "ave_all_frame_bpp": 0.014308969070876225,
        "ave_all_frame_quality": 34.19798978169759
      }
    },
    "Jockey_1920x1024_120fps_420_8bit_YUV": {
      "model_dcvc_quality_0_psnr.pth": {
        "i_frame_num": 10,
        "p_frame_num": 110,
        "ave_i_frame_bpp": 0.06942525943120322,
        "ave_i_frame_quality": 36.11870193481445,
        "ave_p_frame_bpp": 0.013766469975764101,
        "ave_p_frame_bpp_mv_y": 0.005278583935631269,
        "ave_p_frame_bpp_mv_z": 0.00037150059175804597,
        "ave_p_frame_bpp_y": 0.007353812807493589,
        "ave_p_frame_bpp_z": 0.0007625727152282541,
        "ave_p_frame_quality": 35.186205291748045,
        "ave_all_frame_bpp": 0.018404702430384026,
        "ave_all_frame_quality": 35.26391334533692
      }
    },
    "ReadySteadyGo_1920x1024_120fps_420_8bit_YUV": {
      "model_dcvc_quality_0_psnr.pth": {
        "i_frame_num": 10,
        "p_frame_num": 110,
        "ave_i_frame_bpp": 0.14479193369547527,
        "ave_i_frame_quality": 34.44747123718262,
        "ave_p_frame_bpp": 0.02092339573428035,
        "ave_p_frame_bpp_mv_y": 0.005940492535856637,
        "ave_p_frame_bpp_mv_z": 0.0004146624830106951,
        "ave_p_frame_bpp_y": 0.013636855615980246,
        "ave_p_frame_bpp_z": 0.0009313850086817349,
        "ave_p_frame_quality": 33.561371716586024,
        "ave_all_frame_bpp": 0.03124577389771326,
        "ave_all_frame_quality": 33.63521334330241
      }
    },
    "ShakeNDry_1920x1024_120fps_420_8bit_YUV": {
      "model_dcvc_quality_0_psnr.pth": {
        "i_frame_num": 10,
        "p_frame_num": 110,
        "ave_i_frame_bpp": 0.1452215051651001,
        "ave_i_frame_quality": 33.46378707885742,
        "ave_p_frame_bpp": 0.046721258861097424,
        "ave_p_frame_bpp_mv_y": 0.012715585639869626,
        "ave_p_frame_bpp_mv_z": 0.0004957593035545539,
        "ave_p_frame_bpp_y": 0.032249723984436554,
        "ave_p_frame_bpp_z": 0.0012601898379877886,
        "ave_p_frame_quality": 32.28545171564276,
        "ave_all_frame_bpp": 0.05492961271976431,
        "ave_all_frame_quality": 32.38364632924398
      }
    },
    "YachtRide_1920x1024_120fps_420_8bit_YUV": {
      "model_dcvc_quality_0_psnr.pth": {
        "i_frame_num": 10,
        "p_frame_num": 110,
        "ave_i_frame_bpp": 0.09873621781667073,
        "ave_i_frame_quality": 35.689096450805664,
        "ave_p_frame_bpp": 0.03038655976680192,
        "ave_p_frame_bpp_mv_y": 0.009255109151655977,
        "ave_p_frame_bpp_mv_z": 0.000426669912783175,
        "ave_p_frame_bpp_y": 0.019630444650961594,
        "ave_p_frame_bpp_z": 0.001074336244280196,
        "ave_p_frame_quality": 34.01446876525879,
        "ave_all_frame_bpp": 0.03608236460429099,
        "ave_all_frame_quality": 34.15402107238769
      }
    }
  }
}